Consumer_number,Consumer_type
AACP61877322721317,rural domestic
AATX61161116356557,domestic
ABEJ68950564531553,domestic
ABUM50429026998266,rural domestic
ADBQ44944453582333,rural domestic
ADKJ26366564447127,rural domestic
ADYG46035417336230,domestic
AEBU54480786458823,rural domestic
AEQZ48426066915128,rural domestic
AESM26658198482962,domestic
AFZX94165604206691,domestic
AGAC27538899776874,rural domestic
AGRV04968212766096,domestic
AGRZ51594886918267,rural domestic
AGZD07213467721118,domestic
AHQR63224290404474,domestic
AHRA93701497494813,domestic
AIBS44679548360057,domestic
AINM42820652345533,rural domestic
AINS69421915038653,domestic
AIZS95088107807359,rural domestic
AJBQ65306947107446,rural domestic
AJGI99291430611356,domestic
AJRW81013890894131,domestic
AKRB11808828791456,rural domestic
AKYM96531089023926,rural domestic
AMHA76139763078950,domestic
AMNN99337003722901,domestic
AMYM28677755960128,rural domestic
AOBD94568656589409,domestic
APFF88941002118819,rural domestic
APIX23025239230384,domestic
APKD97648917524022,rural domestic
APZE11768434875655,domestic
AQEZ75794813957989,rural domestic
AQHW65774208709042,domestic
AQLT91571953050328,domestic
AQOD24312433438779,domestic
ARVA35627514832759,domestic
ASDA20040602405298,rural domestic
ASFD86093145511985,domestic
ATQZ26800707300481,rural domestic
ATSE10024805129232,rural domestic
ATVJ23772428516669,domestic
AUBP83597852615488,domestic
AUCX11504368520422,rural domestic
AUMM75857922031617,domestic
AVOZ85303473345749,domestic
AXMP29773891771890,domestic
AXPA23320389183167,domestic
AYFO01640637647206,rural domestic
AYIN48304462087836,rural domestic
AYIZ58510315322113,domestic
AYPA12087855268338,rural domestic
AYUV42489433814593,domestic
AZBY61891155526602,domestic
AZQH24086160367709,domestic
BAMR85095776985408,domestic
BAWZ19048421193785,rural domestic
BBKR60107072328056,rural domestic
BCUQ98161235246023,domestic
BCYY13844819599531,domestic
BDCB47438361135086,domestic
BDYW49302208987574,rural domestic
BENG66184610421490,domestic
BFVV03219122082061,domestic
BGFZ67385415808661,rural domestic
BGTF35225240838848,domestic
BGVR39091964862035,rural domestic
BGXR13177410630305,domestic
BGYG34266322376546,domestic
BHFZ69482699991074,rural domestic
BHHY27690293724874,rural domestic
BHPY50156181406298,rural domestic
BIDH16788673833913,domestic
BIIM61227429689854,rural domestic
BKJO54035065852636,domestic
BKSL74434983555882,domestic
BLAK76953498874326,rural domestic
BMEZ22768281165510,domestic
BMJV91656158461904,rural commercial
BMPP69449933761787,rural domestic
BMSL14220582125566,domestic
BNYT85809292475290,rural domestic
BPDC25557573931393,domestic
BPHT67463921339462,domestic
BQFG94024600890381,rural domestic
BQKY09534094747768,rural domestic
BQRR25496914026098,rural commercial
BQVI31034264475404,domestic
BRHB63237066191567,domestic
BRLG13448108220470,rural commercial
BRMB53233961596348,domestic
BRPR02204895745879,domestic
BSAZ08013603035624,domestic
BSTW53774936227615,domestic
BSXD92042628358546,domestic
BTCO02703388351356,domestic
BTIF48335088055772,domestic
BTQM49798143241933,rural domestic
BTRA97125362656993,domestic
BTZW14186882788459,domestic
BUGC97180958072532,domestic
BUHC17837271067468,domestic
BUOF20880046517214,rural domestic
BUPJ40664730131362,domestic
BWGO74201355286985,domestic
BWKX56277603323991,rural domestic
BWPJ98749004531103,rural commercial
BXCI28257066370457,rural domestic
BXGB89559071681570,domestic
BXGC58144989685357,domestic
BXNZ33804647406199,domestic
BXVB90321037919743,domestic
BXYL76427265543390,rural domestic
BYWG50641824357122,domestic
BYXJ81258429861243,domestic
BYYN99780792499601,domestic
BZVZ46317926323110,domestic
CAIA52303016794882,rural domestic
CAJG67880314010654,domestic
CAMY92343595475606,rural commercial
CAYO62561885450849,domestic
CBQG23992515253107,domestic
CCQL02021955482656,domestic
CCTM69477356226980,domestic
CCWP71177256535184,rural domestic
CCXQ65401576461836,rural domestic
CDDI73486505946036,domestic
CDMV45003923863554,rural domestic
CDUH34623988572920,domestic
CEOM94207501913012,domestic
CEZM82527801889609,domestic
CFFE10196847230630,domestic
CFJE32621801158701,domestic
CFQQ07700307161416,domestic
CFRP77762362914458,domestic
CGDO45046562545022,domestic
CGDU21628462610653,domestic
CGGR78399883816814,rural domestic
CGPQ60948529596490,domestic
CGUM73453672562205,domestic
CHED18777236743917,domestic
CIRK82309217383949,domestic
CIVY54578877818265,rural commercial
CJWO78407286300281,domestic
CKNG88737255766732,domestic
CKOM87040183499746,rural commercial
CKRY25124116704977,rural domestic
CKUM80268273153824,domestic
CLQG78039033709239,domestic
CLYJ09500698484176,domestic
CMEV84555332378977,domestic
CMPI83979886283835,rural domestic
CMYC66309298518525,domestic
CNAT23481971464760,domestic
CNTT86559279224757,domestic
COIA99590429862472,domestic
COWH94393019622935,domestic
CPVV82515283516458,domestic
CPVV89099137098897,rural domestic
CPXU61215292147087,rural domestic
CRUN72293189889105,domestic
CSKC19500104342907,domestic
CSKL41874636947940,domestic
CSRU43814285112593,rural domestic
CTSV81171136143354,domestic
CULH61719188142915,rural domestic
CUSS76628897512056,domestic
CUUK70735165026551,domestic
CUYT42728945308810,domestic
CVVO20446662078580,domestic
CVXL60154619425736,rural domestic
CWKW94602152420619,rural domestic
CWPB63393839524718,rural domestic
CXBY24858785630234,domestic
CXFC43561853522715,rural domestic
CXFM33077740050250,domestic
CXTB22404757815933,domestic
CXTD59646090819107,rural domestic
CYGX49821061937462,domestic
CYPV95300994106083,domestic
CZKF92250367225217,rural domestic
CZMR21912044806678,domestic
DAII61326028648122,domestic
DBAI75163995626496,domestic
DBBR29425524197519,rural domestic
DBIY10527842617290,domestic
DBKW03816317219245,rural commercial
DBTJ29913765995159,domestic
DCDZ99453406305107,domestic
DCKU75465520247353,rural domestic
DCOX56894168490254,domestic
DDIK48453230548846,domestic
DDJX71673488746941,rural domestic
DENA59981898513652,domestic
DEVV04778672276232,domestic
DEWH67136698287645,rural domestic
DEWJ52913202161411,domestic
DFBA54753013473061,domestic
DFJI68149293129300,domestic
DFPB62915822725412,domestic
DFWC30010522183120,domestic
DGEK83201214363039,domestic
DGKJ23430733490070,domestic
DGVO42588551351461,domestic
DHFX61644421964103,rural commercial
DHLT22751152114004,rural domestic
DHNZ15281125337787,rural domestic
DHPZ79723545914432,domestic
DICO89955771650125,domestic
DILE36001796160982,rural domestic
DINC98133863964006,domestic
DJLP16195345505980,rural domestic
DJNJ39568405803546,domestic
DJPH52747873678053,domestic
DKCY25913019460431,domestic
DKGF50573858053060,domestic
DKNF49408713640838,domestic
DKSV04097572249357,domestic
DKUQ58536240446944,rural domestic
DKWR40757445081145,domestic
DLEG55705836479439,rural domestic
DLEW66076045020818,domestic
DMQW06422804051098,domestic
DMUC29221000496705,domestic
DNEE25847796434678,domestic
DNUT84611745346865,domestic
DORO67203115676610,domestic
DPEN79206031434033,domestic
DPFU29133412721518,domestic
DPVF33045482815654,domestic
DQWP52567641041281,domestic
DQWS00926800281453,rural commercial
DRIP69628372084837,domestic
DRJZ77577598647087,rural domestic
DRPC09486386151239,rural domestic
DSRA24657489794459,domestic
DSRR48846945484714,domestic
DSUK17557376745378,domestic
DTAT85169253987351,rural domestic
DTBZ10770647427082,domestic
DTFK65617115118940,rural domestic
DTTQ98505716003037,rural domestic
DTYE00768103557033,domestic
DVKV57085470632067,rural domestic
DVNT80913433379832,rural domestic
DVNY35143645140029,domestic
DVQV71904269578787,domestic
DVSG92636816250682,domestic
DVUF17816765061157,domestic
DWCB87797412819391,domestic
DWLO25953900969722,domestic
DWOL20606574790454,domestic
DWZM12349255648526,domestic
DWZT19944471696987,domestic
DXOU13043829380480,domestic
DXUY64317759686622,domestic
DYHK90009857546508,rural domestic
DYZI31447039939578,rural domestic
DZBN59178538589505,rural domestic
DZFQ84953412069335,domestic
DZIG08038037672135,domestic
DZNF17727300387435,domestic
EABA91515327792523,domestic
EACA76547460527145,domestic
EBDH32548851122217,domestic
EBGM54678270889415,domestic
EBRL19559017852699,domestic
EBVU90010372787021,domestic
EDCM45829369428453,rural domestic
EDDZ30761153902957,rural domestic
EDOD07461150815386,domestic
EFFO01156111827590,rural domestic
EFLJ97449540771640,rural commercial
EFMG85400770549608,domestic
EFPT25527968957793,rural domestic
EFSZ57129373079131,domestic
EFXT87172496855944,domestic
EGKE92863689085838,domestic
EGLU01654421194477,rural domestic
EGTL84711096064353,domestic
EGYU92010243816407,domestic
EHCJ02706135202063,domestic
EIJG03228569400388,rural commercial
EJKJ55523324017729,rural domestic
EJUM28982272964967,domestic
EJXL26542803082817,rural domestic
EJZC23880087341051,rural domestic
EKLC17505514913578,rural domestic
EKZL76248245621208,domestic
ELIT29160802813731,domestic
EMZG01529795013433,domestic
ENJI06119760584194,rural domestic
ENRN35247370059665,domestic
EODC82136417557525,rural domestic
EOIV29302505876460,domestic
EOUK56782192307936,domestic
EPAM08578780222373,domestic
EPRR23708929981794,domestic
EQAD52473277545292,domestic
EQKL85694875580467,domestic
EQSC92521883316740,domestic
EQSK64517530317557,domestic
ERBX47532433804189,rural domestic
ERFI51221420324932,domestic
ERUA87998344477699,domestic
ESMP23971105758737,rural domestic
ESPW39623958341450,rural commercial
ESSA40593653770016,domestic
EUEJ04437992005975,domestic
EUJA93007349200879,rural domestic
EUWL54244961347474,rural commercial
EWFB71935989457306,rural commercial
EWPI23382772590958,rural domestic
EWUJ33672312263765,domestic
EXBN45794797051931,rural commercial
EXBT07390933338004,rural domestic
EYCL28119180396222,domestic
EYCZ86177377045500,rural domestic
EYDO33034156130713,rural domestic
EYGX69713322595829,domestic
EYKQ44577036085500,rural domestic
EYPZ06748418237483,rural domestic
EYQP46630597112350,domestic
EYXA65998955849353,domestic
EZRX42211676001548,domestic
FABR05050763707041,domestic
FAEV33311910841452,rural domestic
FAGM51511678501495,domestic
FAJO49726755175770,rural domestic
FAQP32618498404137,domestic
FASR75283242704176,rural domestic
FAWW57445459869229,domestic
FBLN33293915192221,rural domestic
FCDD43252829144359,domestic
FCDS53544616123435,domestic
FCEB55736898860978,domestic
FCGQ19814303536339,domestic
FCKF02982695522409,domestic
FCXW59945155849312,domestic
FDEY78526378332650,rural domestic
FDLK36378923436792,domestic
FDUJ72749447961171,rural domestic
FEAK87950058654775,domestic
FEAY84172223334293,domestic
FEWQ92254809671362,domestic
FEWR46402099505959,domestic
FFAR48543703647689,domestic
FFNM53560719077903,rural domestic
FHEW05985278085878,rural domestic
FHGT18236683233786,domestic
FIPV92748687797450,domestic
FIQY56544515613149,domestic
FISC14039294637504,domestic
FJIR63546200064948,rural domestic
FJTV71988039007976,domestic
FJTY67751013829748,rural domestic
FKBX87954985163930,rural domestic
FKTG07541621806973,domestic
FMLR62371053908247,rural domestic
FMWB30477528904604,domestic
FMYK42652759226054,domestic
FMZB01986300050037,domestic
FNLH89713255217421,rural domestic
FOGL66608699450492,domestic
FOXK43085699703393,domestic
FPQL14379788360963,rural domestic
FPUT40184956219315,rural domestic
FQHN32673593042325,domestic
FQQZ96849599981537,rural domestic
FQTP76220352089542,domestic
FQUQ43338901265430,domestic
FROA44922795644007,rural domestic
FROV88046314377409,domestic
FSCV59430724236673,domestic
FSGU73914258078593,domestic
FTNY91033378749114,rural domestic
FUJF39175092986945,domestic
FUKN92112193372842,domestic
FUMF28996023865905,domestic
FUMW40126094208427,domestic
FUVK81913549523474,domestic
FVDE21246660762885,rural domestic
FVIF75138037361481,domestic
FVOD99690114705597,rural domestic
FWDK26901959051108,domestic
FWHT22630330906569,rural domestic
FWOQ99723475296992,rural domestic
FWSE66894398011524,domestic
FXWY48045416682331,domestic
FZRP63431054534745,domestic
FZRQ12179825466791,domestic
GADA51585962696666,rural domestic
GASI63535088734241,rural domestic
GBUE72898187825061,domestic
GBYA69939822152443,domestic
GCYM67310927499430,domestic
GDHT50033783131397,domestic
GDPA01079677887877,rural domestic
GDPI58998552105364,domestic
GDTS57110935717132,rural domestic
GEKT45597982251440,rural domestic
GELE15210550928112,domestic
GEPL01595910242024,domestic
GEXI58848523233536,domestic
GFAZ16657492819450,domestic
GFFE86433821727399,domestic
GFFG01798583116046,domestic
GFUL02502122553375,domestic
GGQC71175062678571,domestic
GGSK50409018679457,domestic
GGXZ42748858835131,domestic
GHHK85347548115711,domestic
GHJP77250481068737,domestic
GIJW54587422125894,domestic
GILG67758822518794,rural domestic
GIMS88746304973294,domestic
GISB05062343018672,domestic
GITZ97330090847643,domestic
GJNE61869167810597,domestic
GJOA45312134108138,domestic
GJSD72922478511859,rural domestic
GKFE53707368830491,rural domestic
GKMX74414260367606,rural domestic
GKNI46441672489630,rural domestic
GLKQ62092263018071,rural domestic
GLZA76916406296344,rural domestic
GMAH74894134130515,domestic
GMMR61868760669492,domestic
GNMG64107279381765,rural domestic
GNOC76283461211275,domestic
GNWL21283643094250,rural domestic
GPBW32332187864640,rural domestic
GPCN62880451476715,domestic
GPXM68336035023418,domestic
GQUA33032588142813,domestic
GRCM93823812683040,domestic
GRIS95148587001616,domestic
GRXC33020746550125,domestic
GSGH76091022430162,industrial
GSPU83718548777129,domestic
GTDQ45181878828779,domestic
GTPU97019533254654,domestic
GUBM52912770402798,domestic
GUCD02250013522689,domestic
GUFM90695033965887,domestic
GULO96019888918857,domestic
GULT02713243938723,rural domestic
GUOJ42653699971382,domestic
GUXL57198156989131,domestic
GVAH21693204664851,domestic
GWCE58513753519365,domestic
GWCF89004024821094,domestic
GWJH69668174157079,rural domestic
GWTT82946061978598,domestic
GXTP58260776619166,domestic
GXWK62147381049652,domestic
GXZA98143958908536,domestic
GYSS47563658817704,domestic
GYYN94531231507100,domestic
GZCQ36883265308324,rural domestic
GZJW94435128937224,domestic
HAGZ40120819768252,rural domestic
HAHW22158873683449,rural domestic
HBBB40357355829874,domestic
HBSE23207736140897,rural domestic
HBST63872873388066,domestic
HBVX50182250726902,domestic
HCQI97456176258567,domestic
HDDT94840634914252,domestic
HDGW89381661531386,domestic
HDZY19170400231854,rural domestic
HEID31147249633801,domestic
HEZB01811266263568,domestic
HFHX31615008327190,domestic
HFRO67723688918450,rural commercial
HFVE12984876766496,rural domestic
HGRS67554693069282,domestic
HGYT99040653554323,rural domestic
HHEQ96547817212001,domestic
HIJS53113355827126,domestic
HJBK26518077142554,domestic
HJRM79136465820840,rural domestic
HJXL11174083201294,rural domestic
HKAT77109558655690,domestic
HLKK30611335754098,domestic
HLOE34772420661917,domestic
HMDU22329379309039,domestic
HMHE81804035057206,domestic
HMIX78136879013761,rural domestic
HMUY07932721600095,domestic
HMWI14872235049607,rural domestic
HNFW19297327952981,rural domestic
HNHY22942593542364,rural domestic
HNIX48279553082095,domestic
HNRD13603113885779,domestic
HNSB85042228591611,domestic
HOEJ47757870171646,domestic
HOGH22561842005570,rural domestic
HOHL98594703878902,domestic
HOYK26244872709604,domestic
HQOY86916724394106,rural domestic
HRFP79759317711444,domestic
HRJX68866978557072,domestic
HSBV52663373863885,domestic
HSDI89063278786666,rural domestic
HSKH83245253221617,rural domestic
HSRR64421810080186,domestic
HSSV92876412514992,domestic
HTJC23555520049211,domestic
HTKF11609772232992,domestic
HTNO96068335818471,domestic
HTVW63433866676515,rural domestic
HTZJ41558983846513,domestic
HUZE18345591333298,domestic
HVDK62449932472100,domestic
HVTL73614800406347,domestic
HVWA39245455331295,rural domestic
HWJI97842581713274,domestic
HXDC01634524099277,rural commercial
HXKU20571961456324,rural commercial
HXOV80552734877557,domestic
HXXN62901306541709,domestic
HYDX11028054704784,domestic
HYMB76614624139640,rural domestic
HZCZ40669419519385,rural domestic
HZQE63006628458043,rural domestic
IACR95976590834150,domestic
IBDP63659431369828,domestic
ICAZ85042124828733,domestic
ICON64856217974557,domestic
IDLV25802308930770,domestic
IDZM71589737751730,domestic
IEMK72292891425324,rural domestic
IERU23508449215343,domestic
IFEO06882568526964,rural domestic
IFNG84495482596644,domestic
IFSJ01459894769890,rural domestic
IGJX95251988371066,domestic
IGPO00099611308299,rural domestic
IGPT77499423093833,domestic
IGUG41408649074873,domestic
IHTP62953810651236,domestic
IHVP87788873819833,domestic
IHVR67240154269548,rural commercial
IHZO02034234995964,domestic
IIBJ72439636881355,domestic
IIHP65319956540409,domestic
IJLH81780246354986,rural domestic
IKGC25578204289204,domestic
IKGS47312005123428,domestic
IKIL80394366960613,rural domestic
IKKX42306628256796,domestic
IKQV53943398494741,rural domestic
IKZH08078230683532,domestic
IMAL39807907847336,domestic
IMBX02784904646581,domestic
IMSD90472758795580,rural domestic
IMXD19478115201071,domestic
INJM43003695626381,domestic
IORP35333790633319,domestic
IPFY48061710454917,domestic
IPNN91337302843369,rural domestic
IPYR96103292001566,domestic
IQRJ62390741820460,rural domestic
IRAK31318398481889,domestic
IRIJ36329823192368,domestic
IRIZ73751187187041,domestic
IRKX94873993091121,domestic
IRLT21328707577289,rural commercial
IRVK20928971168293,domestic
ISCN42457683529593,rural domestic
ISMJ89667303931318,rural domestic
ISML84416059599137,rural domestic
ISMU51820791960983,rural domestic
ITPJ16307087915606,domestic
IURT10345085966491,domestic
IVQI00998549487735,rural domestic
IVXM36178913942788,domestic
IWEH87438980209767,rural domestic
IWGB84751333068305,rural domestic
IWUI42190103436952,domestic
IXJR76916127710003,rural commercial
IYDW48902790715966,rural commercial
IYPF09448390075115,domestic
IZTR60786769146207,domestic
IZYS85385408615586,rural domestic
JACG89092716311261,domestic
JAGI00680308242665,domestic
JALK66695433172997,domestic
JAVE38379605685946,domestic
JBLC19559725879146,domestic
JBNS92820239995139,domestic
JBSA75798447488009,domestic
JCCH45150255813989,domestic
JCEQ67516768365537,rural domestic
JCRG87290777008626,domestic
JDFB91441873190771,domestic
JDVW57666669484928,domestic
JDXC47202601105559,rural commercial
JEDB74748652800427,domestic
JEHF77761793229552,domestic
JEHM42141389901552,rural domestic
JEQZ49578298451825,rural domestic
JEXA27655683000359,rural domestic
JFGW77578540285249,domestic
JFTK47151672660141,rural domestic
JFUO85980686170984,domestic
JGIS90314487760937,rural domestic
JJNV76649261260584,rural domestic
JLHV79651458192472,domestic
JLLD73537868324372,domestic
JLNG91128726071885,domestic
JLRE91885534376166,domestic
JLSS76282075476289,domestic
JMIK16190440646105,rural domestic
JOYA50863052129016,domestic
JPEL95207741089870,rural domestic
JQMS14032982338772,rural domestic
JRKN33134394240542,domestic
JTES98822694645015,domestic
JUGV58574305141320,domestic
JUUP87886730333512,domestic
JUWY99006171678327,rural domestic
JVPK84395202150482,domestic
JVSD35383450450599,domestic
JVYI66208715585159,domestic
JWDW06944319462369,domestic
JWWW46838127788499,domestic
JYBT89780750132404,domestic
JZAU79506681108500,domestic
JZHT47212974660333,domestic
KACC90728987099547,domestic
KACE59603768772805,domestic
KBVR83023619560693,domestic
KCCF51637479946190,rural domestic
KCDC39361092351878,rural commercial
KCOV26380439146042,rural domestic
KCTG02392451158535,domestic
KCVO76738127528093,domestic
KCVX05985749631227,rural commercial
KCWE07038330915205,domestic
KCXW91343862250032,domestic
KCYR93666497577351,industrial
KDGB81898028808342,domestic
KDKC04967573121677,domestic
KDLN92170147407592,rural domestic
KDWM72343625346724,domestic
KEBS66095314696398,domestic
KEHM70898271340968,rural domestic
KESH04704133476485,domestic
KFTH56445017523112,rural domestic
KFVU17865246514517,domestic
KGHC90333400971680,domestic
KHAP61832304000229,rural domestic
KHOY77066062304321,domestic
KHPX58773088604023,domestic
KIVC82184180643031,domestic
KKBH26466272469118,domestic
KKDZ01541001764588,rural domestic
KKQR44740134407634,domestic
KLFR15936867327446,domestic
KLKA70480534577211,rural domestic
KMJN97150743354414,domestic
KMXV45565243986950,domestic
KNFG52989622599905,domestic
KNGA05862096443053,rural domestic
KNLV72706030788618,domestic
KNLX63963492585356,rural domestic
KNOB43264859830449,domestic
KNTA13295301205579,domestic
KOCS31815362992210,domestic
KOEW03409060902902,domestic
KOQB86035409759710,rural domestic
KOVO60968890213540,domestic
KPOA19937532089126,domestic
KQAF05774103443738,domestic
KQBT00210056935657,domestic
KQJI13687563859989,domestic
KQPZ85567521189435,domestic
KQTK96635773293518,domestic
KQUH02536348934506,rural domestic
KRFM91163614542152,rural domestic
KRGF06871614680408,domestic
KRJY46207648163530,rural domestic
KRUH35399694416065,rural domestic
KSBL23156232494473,domestic
KSIN68241925382480,rural commercial
KSPG57028139536375,domestic
KTNE42908160719315,domestic
KUXS54925465360668,rural commercial
KVAN73479116099584,domestic
KVFF52616624660275,domestic
KVMP01415816698836,domestic
KWHG46887949950720,rural domestic
KWHO17423192577736,domestic
KWTV31652525874264,rural domestic
KXHE28709548532082,domestic
KXID04951917048871,domestic
KXMJ57353158335386,domestic
KXOW93577691055881,rural domestic
KYAX96959007502350,rural domestic
KYIN64721824511108,domestic
KYSR66911947285303,domestic
KYVV27162926009894,domestic
KYWH85473807147201,domestic
KZDL18402710230568,domestic
KZHD37636184625234,domestic
KZOF50194442398338,domestic
LANO13263677219830,domestic
LBPM65427260773508,rural domestic
LBRV63557804809862,domestic
LBSU30249299517483,domestic
LCFD28318669747029,domestic
LCNG39047965581281,rural domestic
LDMD92087733634090,rural domestic
LDVG07028476247747,domestic
LDWP74408638280459,domestic
LFRL48529839891060,rural domestic
LHEI47595523159786,domestic
LHNJ20527858773379,domestic
LHZL66158083144343,rural commercial
LICM34042923012315,domestic
LINA83591993285866,rural domestic
LIZZ61547489473894,domestic
LJAS78680265108851,rural commercial
LKDP04288586577290,domestic
LKZC42771408481183,rural domestic
LLIC24181538486678,domestic
LMWB96309605671196,domestic
LMWG30961964913213,rural domestic
LNGR24112473640652,domestic
LNOA08758801993381,domestic
LODE39737293465198,domestic
LOPV39030970185767,domestic
LPCM81902041292207,domestic
LPGY43983499457411,domestic
LQOZ77619704271399,rural domestic
LRAL82633550507688,domestic
LRFN70996825114125,rural domestic
LRKP46581496166267,rural domestic
LRNJ93781110353744,rural domestic
LRXD56118044550086,domestic
LSMU23270966289224,domestic
LTUX29812003401409,rural domestic
LTYA70001390203463,domestic
LTZT68751994348222,rural domestic
LUGD74277212802064,domestic
LULY66163754611118,domestic
LUUF54021253030299,domestic
LUXR65263864699877,domestic
LWIS94074017000181,rural domestic
LWMG15631379083436,domestic
LXCF40984130491410,industrial
LYCM06827373499892,domestic
LYHK83880786555886,domestic
LYWH29231732216402,rural domestic
LZGZ13521950223710,rural domestic
LZPC78956833960724,domestic
MAAA15791695553132,rural commercial
MAHJ68612400545959,rural domestic
MBFO36071980172730,domestic
MBTU11341178834465,domestic
MBUV59347024932724,domestic
MCDE25052533042264,domestic
MCDR08025594826003,domestic
MCOS16773483327670,rural commercial
MCRK94951892827666,rural domestic
MCUA36598386618228,domestic
MDIV98513972121149,rural domestic
MDMT21624203479893,domestic
MDYX58057593664405,rural domestic
MEEP39447833313343,domestic
MENM22339622143869,domestic
MFCB19009650543485,domestic
MFDJ07858304464337,domestic
MFKS41426194554322,domestic
MFWK72169875645464,rural commercial
MGKQ88279635548788,domestic
MGPB93381021816204,domestic
MGUE22291420733853,domestic
MGYP11861755139081,domestic
MHGK34685058134666,domestic
MHKI28456945098761,domestic
MHRS74376625050105,domestic
MHTQ56769105256920,domestic
MIDT99995692797081,domestic
MIKW16160644995846,domestic
MJDD05343382316167,domestic
MKAR32724631454372,rural domestic
MKEV88575336724138,rural domestic
MKGQ63689121272524,domestic
MKQJ32086582668331,domestic
MKUY02496816394391,rural domestic
MKWR44069902789814,rural domestic
MMEM99949227703863,rural domestic
MOFX51067036185589,domestic
MPCW82113034367176,domestic
MPPA13080115709916,domestic
MQAU80338543642395,rural domestic
MRDJ91375157591671,domestic
MRNS15117496271188,domestic
MRSN78309732262866,domestic
MSEP68991962276810,rural domestic
MSLL35427830475073,domestic
MSVV70180556082182,domestic
MTGY08943274084340,rural commercial
MTNR48961300802982,domestic
MTRV81612291903747,rural domestic
MTTO08254040481312,domestic
MUFY87746713661576,domestic
MUKI36490339039618,domestic
MUQX03814572106575,rural domestic
MUXI31513655871298,rural commercial
MUXX08286207117113,domestic
MUYB17619317125820,domestic
MVMI60530854866418,domestic
MVPW72876115421844,domestic
MVVV72328198794632,domestic
MWCB79508872286620,domestic
MWJK09246253141412,domestic
MXGZ55911612091735,domestic
MXIL85250538888081,domestic
MXLV22697715862048,rural domestic
MXXH44163432014385,domestic
MYBV85410698673593,rural domestic
MYDE12365961694179,rural domestic
MYHX91701409934035,domestic
MYWJ48428464556631,domestic
MZRW40556373618882,rural domestic
NALN72893435915752,domestic
NBNZ15533171406707,domestic
NBOQ25381923600807,rural domestic
NBQN43033153874355,domestic
NCKC04414923937459,domestic
NCLN82374263487051,rural domestic
NCPT27863288207127,rural commercial
NCTB52281913419616,rural domestic
NCWN39520108373748,rural domestic
NCZQ43613482138619,domestic
NDFS84069941627676,domestic
NDUY70812972355130,domestic
NDZS40886786476343,rural domestic
NFDB66249736338279,domestic
NFHN96035431430656,domestic
NFMC42616650055728,domestic
NFPI08782385162236,rural domestic
NFWJ02671969576899,domestic
NFWS34647053111572,rural commercial
NGXL37418609394497,domestic
NHAZ12499211739213,domestic
NHFT84916099108261,domestic
NHIF71576672250915,domestic
NHOJ73471140251168,rural commercial
NHQV85417079883431,rural domestic
NIJU69030181947422,domestic
NJKG79591092232566,domestic
NKBN99786120470296,rural domestic
NLZT35421722867668,domestic
NMGC62247459505933,domestic
NMQF12417128217624,domestic
NNKF92704765416624,domestic
NNMM85663842324527,domestic
NNXB59742887693596,rural domestic
NPQZ40288669056008,domestic
NPVN88632045725668,rural commercial
NQEM07008323231527,domestic
NQNC82525044139361,domestic
NQPP59417611214297,domestic
NREQ80614709086421,domestic
NRXW11536214118449,domestic
NSCR91333036898867,domestic
NSIH63292007232067,rural commercial
NSPB15070471549020,rural domestic
NTCF56349417942748,rural domestic
NTFW74717315660097,domestic
NTKM17051501449750,domestic
NTMT09595415161699,domestic
NUAG52417152766281,domestic
NVBI93643262244292,rural domestic
NVMA56908319529535,domestic
NVTG46396654132604,domestic
NVYM66645427101549,domestic
NWIB73431412260794,rural domestic
NWUV43820603419412,domestic
NXUD85952531492656,domestic
NXZD44191442184381,domestic
NYCR15027250729265,domestic
NYIX11692687567276,domestic
NYRR58688177084605,domestic
NZHC31334698678050,rural commercial
NZLM45327451935366,domestic
NZQF59857433519644,domestic
OAEJ28145705092822,rural domestic
OATB34934642036088,domestic
OAUU10613425383836,rural domestic
OAVE41444918566319,domestic
OAXC79350370782395,domestic
OBAM54117881686543,rural domestic
OBVW13876003681670,rural domestic
OCBA69933533168272,domestic
OCHH03711886009267,domestic
OCHN81676114949127,domestic
OCPP59797470609261,rural domestic
OCXT37710822366092,domestic
ODLE12368779092833,domestic
OEUA01021948001923,domestic
OFLP22556502287909,domestic
OFSQ89007894885379,domestic
OFXE75175200670327,rural domestic
OGBF44324779029820,domestic
OGBY11277437919629,domestic
OGPI54730199630615,domestic
OGPL79574520442941,domestic
OGWD48697643044600,domestic
OGXA55985744605029,domestic
OHHZ66608118052068,rural domestic
OHRL57643449084928,rural domestic
OHZS98825252700819,rural domestic
OIPQ36957733326615,domestic
OIXB82916128833474,domestic
OJQU49241457024673,rural domestic
OJSO43350956513104,rural domestic
OJYM39138033521750,rural domestic
OKBA54671218645559,domestic
OLNC32253758299513,domestic
OMBV09816156691534,domestic
OMKX11675230925584,rural domestic
OMSP43024554606602,domestic
OMZN91791599460008,domestic
ONIH13255986123538,domestic
ONPO94453603165231,domestic
ONVP96713318517719,rural domestic
OOIR34820693333171,rural domestic
OOQQ71369334728717,domestic
OPEX78783877495252,domestic
OPRG06975490466843,domestic
OPTC32128158291450,rural commercial
OPTQ83616825065544,rural domestic
OPWS81181980904324,domestic
OQKD79487300964128,domestic
OQOO65912467313352,rural domestic
OQUQ99698293067142,domestic
ORAB10129435863250,domestic
ORYE31092335903071,domestic
OSPL55832867440264,domestic
OSSQ06652895870432,rural domestic
OSVR86992213224426,rural domestic
OTDF66089688205250,domestic
OTJM06567794973233,domestic
OTMR50486556102296,domestic
OTNT80443447218483,domestic
OTUX63269891075552,domestic
OUDE78741435052654,domestic
OUHN21883154669736,rural commercial
OUMQ62822031339542,domestic
OUPS34674446390337,domestic
OUYX33760906301253,domestic
OVEN08408061063106,rural domestic
OVKH90521231314112,domestic
OVPO00141453612027,rural domestic
OVVL70794421681597,domestic
OXCY76088494318024,domestic
OXQR93805289497293,rural domestic
OYCU95964607071111,domestic
OYQY07256210497300,domestic
OZAE82464227757347,rural domestic
OZRX03370893861549,rural domestic
PACU95409044828785,domestic
PANP21106415508656,domestic
PATR96995210106369,domestic
PBBL36033403303280,domestic
PBHG61502803530598,domestic
PBHI58721570562539,rural domestic
PBSW73561076867824,domestic
PCEM91678128086172,rural domestic
PCLX31150424843331,rural domestic
PDDJ07885514620742,domestic
PDEK32941045104177,domestic
PEOH14928699460427,rural domestic
PEUZ84671781592437,domestic
PFYA75051539642224,domestic
PFZP54755058152258,domestic
PGGI63053531504200,domestic
PGLW97911208444458,domestic
PGSE15093993403333,domestic
PHPI00815921060489,domestic
PIGB83537073806662,domestic
PIRW45880935433031,domestic
PJBG81551254030092,domestic
PJJC99484296189857,domestic
PJMC90799657549559,rural domestic
PJVL73136255939591,domestic
PJYW09779517254665,rural domestic
PKWF47226920274630,domestic
PLOW73828386934716,domestic
PLVG83069690021651,domestic
PMVL23620054001858,rural commercial
PNGN87843176595596,domestic
PNKM93807476512512,rural domestic
PNSY21156681681219,domestic
POOJ64201543764802,domestic
POYK56869238463726,domestic
PPJK00623257371655,rural domestic
PSJS71474561115424,domestic
PSME25878339814912,rural domestic
PSVP96259620242753,rural commercial
PTGP50399908823421,domestic
PTJF17386140730086,domestic
PUEF37940548587655,domestic
PUFA34675394598524,domestic
PUSZ95424480657010,domestic
PUZZ07640259685759,domestic
PVLV93441355167120,domestic
PVZV11504056626371,domestic
PWBF97229966240190,domestic
PWPE26250921629505,domestic
PXBJ59938458126012,domestic
PXQQ85319388834029,rural domestic
PXUZ06883973315786,domestic
PXWF09351215906500,rural domestic
PXZJ91524460159091,rural domestic
PYIJ16398823534533,rural domestic
PYTL44372721153429,domestic
PZHC79651109044679,domestic
PZYW29074276747358,rural domestic
QBTF27440601586470,domestic
QDLO91724707958353,domestic
QETN54920058156281,domestic
QFDK26582449593660,domestic
QFIZ88606191712684,domestic
QFQB06160915945850,rural domestic
QFVG62638506747768,rural commercial
QFWI21462354383741,rural commercial
QFZC55892897363655,rural domestic
QGMS25833424415404,rural domestic
QGYH26955639905397,domestic
QHFF67094428141937,rural domestic
QHKK45321815200475,domestic
QIFW61033056721701,domestic
QJCZ80898833071468,domestic
QKDB19469885449588,rural domestic
QKFQ49639954565870,rural commercial
QKIA01274967632022,domestic
QKSL43255160647277,domestic
QLBZ22230350077586,rural commercial
QLTU70026082474246,domestic
QMFW20997633676739,industrial
QMJR06322213483407,domestic
QMJV73506884358600,domestic
QOUN31620123231585,domestic
QPAI08658003576169,domestic
QPGX37449597219925,domestic
QPYO76727932686824,rural domestic
QQEL88315986581308,domestic
QQFE61609007634572,domestic
QQMF30771954963879,rural domestic
QRYS17014986490124,domestic
QSFE66060132889305,domestic
QSNR47638755805515,domestic
QSRQ08068394381838,domestic
QTTI08395975325462,domestic
QTWL29822107722115,rural domestic
QUCE33702544874326,domestic
QUPC15187895307001,rural commercial
QURT68371795154305,domestic
QVGI39411560670054,domestic
QVSK49209769731009,domestic
QWGN65309378570207,domestic
QWGQ07745287878877,domestic
QWIG24568290610081,domestic
QWZV25487213346075,domestic
QXOD24425271275379,rural commercial
QZDH51875901969331,domestic
QZFL11078530140751,domestic
QZLE79606740596822,rural domestic
RACE57654281207852,domestic
RAFU09126502665608,domestic
RAHJ06095935371477,rural domestic
RAKE48129878248928,rural domestic
RAKX51254073813708,domestic
RATT69322004315159,domestic
RAWU50841192821297,domestic
RAYQ33980013141970,domestic
RBIG96835750837070,rural domestic
RBPJ52077737106374,domestic
RBTV64108903208940,domestic
RBXJ96694828134519,rural domestic
RBZY36608424332382,rural commercial
RCCB11656325152372,domestic
RCTN88661191785418,domestic
RCZK44567254451440,domestic
RDDF15224798079356,domestic
REEM07976326275524,rural domestic
REHI83556759412002,domestic
RERL00961760479330,domestic
RFFJ62654721345838,rural commercial
RFKQ87228678942146,domestic
RGJL38500128039665,rural domestic
RGTL60080455410110,rural domestic
RGXF59128583066455,domestic
RHOK86010593526975,domestic
RHVS62751041584111,domestic
RIEB60612798576171,domestic
RIJU43209413998054,domestic
RIKP71629849134445,domestic
RIXB14025427364328,rural domestic
RIYA09806843341163,rural domestic
RJUE57472754746910,rural commercial
RJZQ64026439736981,rural domestic
RKNI13745194374747,domestic
RLHM91458526100860,domestic
RLMF36492883726382,rural domestic
RLRX06656346230974,domestic
RLSB18158105490264,domestic
RLTR39497644977803,domestic
RLTZ23631759212374,rural domestic
RMHI42183491086705,domestic
RMQI95915028213378,domestic
RMRP83803515601487,domestic
ROAM60370219032330,rural domestic
RORF50060453418239,domestic
RPQO38813865787820,domestic
RRTB85583422636622,domestic
RSDP79040509927165,domestic
RSIB27029252075243,domestic
RTLT54676567718056,domestic
RTYO59175038152226,rural domestic
RUOS59290074761880,domestic
RVZO98111628253561,domestic
RWKP38926216026431,domestic
RXJI03863392220467,domestic
RYAB41004696297713,rural commercial
RYDE22765054072587,domestic
RYSA66469080517475,domestic
RZON01584888357610,domestic
RZSU92392146102823,domestic
SABC71340820159272,domestic
SALN43980135839549,rural domestic
SAWJ05022537727368,rural domestic
SAWJ78394099744354,domestic
SBOY40524377357841,domestic
SCEH61542216221618,rural domestic
SCOD20128835265613,domestic
SCXC51186393425894,rural domestic
SDBX29672229939904,rural domestic
SECT70155490635987,domestic
SEHC56090069914116,rural commercial
SENK83000290939656,domestic
SEZT94175603200527,domestic
SFAZ76427265308952,rural domestic
SFGH45462942495376,rural domestic
SFPL71643295959709,domestic
SGUT38345925708875,domestic
SGZH61172618141628,domestic
SHWN27547104548270,domestic
SITE61608200188044,domestic
SJIG27302092094953,rural domestic
SJPU42825962531567,domestic
SKBQ34608548675563,rural domestic
SLGS44976151082857,rural commercial
SLHW75879668705171,domestic
SLJF23851494093457,domestic
SLVV72851704370758,rural domestic
SLWP56209953541770,domestic
SMIZ50995838372498,rural domestic
SMOE70043303527940,rural domestic
SMZK19207927441166,domestic
SNGS60110784798477,domestic
SOMR61186412596489,domestic
SOMV85458746757528,rural domestic
SORN01230032462617,rural domestic
SPRT02877580730716,domestic
SPUV67078248106044,domestic
SQEI11784265465418,domestic
SQTJ57341459320154,rural domestic
SRSV26046740510055,domestic
SSAR38458074873537,domestic
SSFO23599385287198,rural commercial
SSOJ20787940653983,domestic
STID08695629600373,domestic
STQF83788566178063,domestic
SUAE93393452449556,domestic
SUQQ95085515362144,domestic
SVBP81700542428379,domestic
SWXG63942628049133,domestic
SXEG95083431888101,domestic
SXMX82268442777281,domestic
SXXL20439128126179,rural commercial
SXZF91555008327649,rural domestic
SYIY91333853639633,rural domestic
SZKX62293667710343,domestic
SZOL25903298208302,domestic
SZVT93629700699845,domestic
TACL60681631324729,rural domestic
TASL38181038913905,rural domestic
TAXE68037922294598,rural domestic
TBTE92712290268252,domestic
TBXV82932722853402,rural domestic
TBYI17211571733110,domestic
TCES88152522045417,domestic
TCNS55262558906214,rural domestic
TDCE13502062396117,domestic
TDIX49455993902312,domestic
TDUN14199400484525,rural domestic
TDWA06404905226614,rural domestic
TFNU84099184624322,domestic
TFVN31868834184434,domestic
TGDU60608516744276,domestic
TGQX37728861690509,domestic
TGSB56192459071197,rural domestic
TGXC18646496803334,rural domestic
THOT13605536153333,rural domestic
THXA43219318579653,domestic
THYN57070348349163,domestic
TIAI49210553571077,domestic
TJNY14340498630719,rural domestic
TJPF44178819514946,rural domestic
TJQR89577141722603,domestic
TKQA63993986070933,domestic
TLLE62817198274366,domestic
TMGE68279212297310,rural domestic
TMTC88310339291752,rural domestic
TMXI31575950243519,rural domestic
TNJN90482666105874,domestic
TNMV48252619601627,domestic
TOLQ86297860615835,rural domestic
TONZ45543233788113,domestic
TPFU20319950455525,domestic
TPZJ22144916256086,rural domestic
TQJK74322877422794,rural domestic
TQOH85206633100326,rural commercial
TQQN79248812969358,domestic
TQSE59784502052490,domestic
TRPQ38369235029294,domestic
TRUP39249687477533,rural domestic
TRWL67442270835282,domestic
TSJH00867764661364,domestic
TSQE85344520460491,rural commercial
TTFL37367048885307,domestic
TTJT64256398256222,domestic
TTMA50234998321740,domestic
TTSS74166026103488,rural domestic
TTYW36392732207137,rural domestic
TVBU30916800467189,rural domestic
TVPC34060825001887,domestic
TVPT14364095472820,domestic
TWAP53480430978400,rural domestic
TWQT43194656909253,rural domestic
TXMI93311189188143,domestic
TXTM86379348979541,rural domestic
TXVN36848202207040,domestic
TYJC68626693222865,domestic
TYTP63003938181910,rural domestic
TZKK69137323796292,domestic
TZOU58895302376059,domestic
TZOW37628715447353,domestic
TZTC50773862372048,rural domestic
TZUG26964506235646,domestic
TZUJ69246246430307,domestic
UAYP46617844930357,domestic
UBEB17148774465861,rural domestic
UBIY66433276497995,domestic
UBRC28553755404484,domestic
UBRF43244118898980,domestic
UCEC85458570758739,domestic
UCOU65888903574985,domestic
UCVC72221518830779,rural domestic
UDRW37417406602706,rural domestic
UDSH32598635223957,rural domestic
UEUM16479144634436,rural domestic
UFZN28136903999309,domestic
UGIF95717037531572,rural domestic
UIGK29415265534552,domestic
UIGT49108261108583,rural commercial
UIKB11149414740592,domestic
UINL99677213707169,domestic
UIVQ19471461299526,domestic
UJJK93511170188575,domestic
UJSQ95697899729285,domestic
UJXJ03775958628081,domestic
UKAA22706115284280,domestic
UKBD70944440223703,domestic
UKLQ52521432829558,rural domestic
ULPD11580159729285,domestic
ULPS23090898122329,rural commercial
ULRK74334202499384,domestic
ULXZ74015705818119,domestic
UMWM36512500217351,domestic
UMXC97145556321973,domestic
UNOP22337268876961,rural domestic
UOGZ11532897897405,domestic
UONM90593095858649,domestic
UPHQ58672466816734,rural domestic
UPQB00785123626543,domestic
UPUN42310315523780,domestic
UQKL69927331164131,domestic
UQMH00076570081337,domestic
UQWE15932387903340,domestic
URQV40164306027895,rural domestic
USCV77286769892123,domestic
USOI01636292173412,domestic
UTGH41013267874445,domestic
UTIZ46811041761722,domestic
UTTW81117514772886,rural domestic
UUJV99338256398197,domestic
UVEE22439814188955,rural commercial
UVFX61056957065294,rural domestic
UVUU09775369366538,rural domestic
UWGH77170013098474,rural commercial
UWKE06377259555130,domestic
UWOJ60076778324636,domestic
UWOJ88182295545641,domestic
UWQM74450324250271,rural domestic
UYPX13965122642919,rural domestic
UYTW69507320806745,rural domestic
UYVK06452486800438,domestic
UZBW04205157504459,domestic
UZGC72322172394613,rural domestic
VABG43249280508492,rural commercial
VBII65124445079697,domestic
VBNU99178870256015,domestic
VBPX01907949170003,domestic
VBQN15872675509880,domestic
VCEE53680806724180,domestic
VCVY34153325007085,rural domestic
VCXS52862881614438,rural domestic
VCZR37257663856215,domestic
VDEI70486615264536,domestic
VEGN94407838910949,domestic
VENX08444954462680,domestic
VEWP87890365915002,domestic
VHBD40344179345667,domestic
VHEQ13022447954937,rural domestic
VHML71480285073902,domestic
VHSQ66372597291386,domestic
VHYJ21267840847312,domestic
VIKI56467126101490,rural domestic
VITR36656702901104,domestic
VKBI28932553394444,domestic
VKID46041981584488,domestic
VKVR00397595370243,rural domestic
VKWK03013010426777,rural domestic
VLOT80252682585194,rural domestic
VLPQ84080812531060,domestic
VMCY67001897045475,domestic
VMFG28713207207673,rural domestic
VNQZ63697672725055,rural domestic
VNWN81274683217160,domestic
VOAW48295005386383,domestic
VOII48117914432340,domestic
VQDL48937598556961,domestic
VQEV43517876746282,rural domestic
VQPP12315719354818,rural domestic
VQXS26201870264771,rural domestic
VRSG89618646640143,domestic
VRUF49020921705315,domestic
VRVF23060101537850,domestic
VRXB96867078420614,domestic
VSET30719364621531,rural domestic
VSEY60187729480176,domestic
VSWA57474850768656,domestic
VTSJ50405969334382,domestic
VTUC80137495067252,rural domestic
VUJM91612012858536,rural domestic
VVCG27269130144135,domestic
VVFJ69549881788613,domestic
VVFT04223240550031,domestic
VVPT29581996676541,domestic
VWIA94625284650161,domestic
VWLD94308207821992,domestic
VWWI50129115047192,domestic
VXCH99966000475125,rural domestic
VXNE19652261559585,domestic
VXUA94563241419989,domestic
VYHQ70541168465090,rural domestic
VYPR76663854500957,domestic
VZFZ93563246854138,domestic
WAHQ39931215288634,domestic
WAKK42001612764653,domestic
WAMK97310853179481,domestic
WBSA62493129470851,rural domestic
WBZT67427688121899,domestic
WCGM37063821202321,domestic
WCHP01465080695384,domestic
WCJH11959365648537,domestic
WCPN92616869318141,domestic
WDBD19545814880603,rural commercial
WDJW28516690435096,domestic
WEAB79837930668454,domestic
WEOZ53738492682317,rural domestic
WFUL68104115896084,domestic
WFZV77088054772780,domestic
WGUY93961702007063,domestic
WGVP23704300396052,rural domestic
WHVX56713595035494,rural domestic
WJLY65217605299802,domestic
WJRS83950994486167,domestic
WJYX39670413648529,domestic
WKAL88653821865390,domestic
WKQD65869673845900,rural domestic
WKRP66567640304049,domestic
WKTU51551269984216,domestic
WLAL35445528566001,domestic
WLKI09630012172980,rural domestic
WLPH31279974023492,rural domestic
WMYU36094306670268,rural domestic
WNJY81479097729801,rural domestic
WNRI10608342882432,domestic
WNYX18778264238824,domestic
WOXW56589127716354,rural domestic
WQXO79451509529222,rural domestic
WQZH93310985842638,domestic
WRGT47410740600951,domestic
WRLW88479269671485,rural domestic
WRNB82536258606650,domestic
WRPN11160000845109,rural domestic
WRRX43467824115563,rural domestic
WRVT18818717032505,domestic
WSAQ40927607120203,domestic
WSOS89385934832925,domestic
WSXA13839474854950,domestic
WTEU03119917910234,rural domestic
WTMD49674567154197,domestic
WTUU95943948199046,domestic
WUIW00818202817837,domestic
WUWZ84672361717279,domestic
WVHC39659153093131,domestic
WVRB38198958180248,domestic
WVTF47391242985113,domestic
WWKM12584815640594,rural domestic
WWTM07097049580271,domestic
WWUY76381161134463,domestic
WXAH99373090538441,rural domestic
WXGW24779003299979,rural domestic
WXRP25779165797143,domestic
WXUD19834295235890,domestic
WXUS68891580915469,rural domestic
WXWN47306586948154,domestic
WXYF21113361348253,domestic
WYBH13570934289947,rural domestic
WZNE32828136255433,domestic
WZPX05434963353957,domestic
WZTK81069064792502,domestic
XANH56693406006181,domestic
XASW55430843102513,domestic
XAXP35931732599909,domestic
XAYE96016753396205,domestic
XCDX94155551121877,rural domestic
XCFK76326917324814,rural domestic
XDGD41878813463905,domestic
XDJZ42518166146153,domestic
XEMT79118143603038,rural domestic
XEVQ61005060009191,rural commercial
XFEU74295601454795,domestic
XFFF38041731011631,domestic
XFIB74739974071259,domestic
XFJB02101108755437,rural domestic
XHZR91099976752803,rural domestic
XIMX65419649946240,domestic
XIZX77467452847931,rural domestic
XJAQ84880665291147,domestic
XJRB90238893249342,rural domestic
XJWJ28068243189962,rural domestic
XJZD25151146009014,rural domestic
XLCX82778426117846,domestic
XLFB94595403166577,rural commercial
XLHD33945885922724,domestic
XMOI09202188362773,domestic
XNRA02582906985247,domestic
XOJL15461470318945,rural domestic
XONB18166453573712,domestic
XPBT91365574160172,domestic
XPSV97119431514513,domestic
XPTQ38956286723424,domestic
XQBN70559240192595,domestic
XQCQ64214428558913,domestic
XQIY39409434773307,domestic
XQWY83246515643622,domestic
XREI65862963408099,rural domestic
XREJ63458390403836,rural domestic
XRUP98619192347921,rural domestic
XRXK61469384499083,domestic
XSEZ19739558190482,domestic
XSZJ94237122106108,rural domestic
XUGV61101624338833,domestic
XWCO75279794098600,domestic
XWQX52420643429828,rural domestic
XYCP73367729309053,domestic
XYES67726049538336,domestic
XYNW70803382753712,domestic
XYRJ65930773140756,industrial
XZIS54654838271368,domestic
XZJV93060533509704,domestic
XZKP76472259805873,domestic
YBHL26131781695743,domestic
YCDZ21368451004851,domestic
YCEP63387357649644,domestic
YCFT83502606152533,domestic
YCVH84065942052282,rural domestic
YDBX94926057332737,domestic
YDZJ89138402580017,domestic
YECR41424140788309,domestic
YEGF27791701313426,domestic
YEGT74361638281522,rural domestic
YELA49712576978724,domestic
YEPW48191434260247,domestic
YEVV97654697996312,domestic
YFQE85740380132348,domestic
YFQS65579402206574,domestic
YGFT55074730052120,domestic
YGNH55066557211442,domestic
YGTC05349766303470,domestic
YHEG12608333540238,domestic
YHHI53658491408719,rural commercial
YHPN80105330227480,domestic
YHWB90755384952960,domestic
YIAP31479908946934,rural domestic
YIIM15447185956904,domestic
YIXY31555806716934,domestic
YJNU67045369611053,rural domestic
YKDS99372558505702,domestic
YLAP05916493199669,domestic
YLCC10333280374315,rural domestic
YLLI97696674274289,rural domestic
YLOB33393270664978,rural commercial
YLQS73563237984062,domestic
YMDB26309008394140,domestic
YMYI73401520054105,rural commercial
YPCS22952921999146,domestic
YPDC09909383395445,rural domestic
YPEH55401048159683,domestic
YPQW69463336224978,domestic
YPRO01545510518187,rural domestic
YPXN31184192792686,domestic
YQPA52153664600964,domestic
YRGR17428052952508,domestic
YRRH87716430002006,domestic
YRRR18034234217491,domestic
YRTP25456715504279,domestic
YSVU39386163172079,domestic
YTBO45517390556943,domestic
YTWI69104754994569,rural domestic
YTYP66428150105268,domestic
YUCT18328753562091,domestic
YUIX07430017521077,rural domestic
YUKC47127884897189,rural domestic
YUQP73553481477591,domestic
YUYK61709895860287,rural domestic
YVAH32337947346414,domestic
YWEF34691836372952,rural domestic
YWLI28629073070875,rural domestic
YWRV83482527408767,domestic
YWTC64561177076892,domestic
YWZJ73301541252368,rural commercial
YXRL27800891200283,rural domestic
YXVP53305555596039,domestic
YYAK78198625612375,rural domestic
YYGN45188572115931,domestic
YZFP40606159866526,domestic
YZFP57697067651517,rural domestic
YZTN04719365764875,domestic
ZAAX76122485847810,domestic
ZACP52889206266725,domestic
ZAKZ18858130970573,rural commercial
ZAPA45427337300702,rural domestic
ZASD77615016850404,domestic
ZAYT19013421723081,domestic
ZBKH84929962484093,rural domestic
ZBLP77199848234949,domestic
ZBSS41093564679444,rural domestic
ZCWM01206871710015,rural domestic
ZCXB55973773856035,domestic
ZDAS67367925074855,rural domestic
ZDLM42901778995002,rural commercial
ZDRF84269056292035,rural domestic
ZDYE89402681967902,domestic
ZEBN34207784551846,domestic
ZEHX67537497223110,domestic
ZEMO85437408574338,rural domestic
ZESG24883899696653,domestic
ZFCO59125850946032,domestic
ZFPW93252994604089,rural domestic
ZFSN90880750050877,rural domestic
ZFYC15251731444708,domestic
ZGIS63488309737437,rural domestic
ZGPV08503009962228,domestic
ZJJJ27264470071343,domestic
ZJJS96326143634901,rural domestic
ZJLZ92867579121714,rural domestic
ZJPQ64052618226426,domestic
ZKFU57599420843736,domestic
ZKPG43880444227846,domestic
ZLHI31057773841353,domestic
ZLNT85398257867355,rural domestic
ZLTG42842885413200,rural domestic
ZLXM66606547279338,domestic
ZMOS73961102720780,rural domestic
ZMOW49635278192953,rural domestic
ZMUD27592238141769,domestic
ZMUY11867861952801,domestic
ZMWX47693515501077,domestic
ZMXO47659494209365,rural domestic
ZOTX19274029695245,domestic
ZOYT88075848545901,rural domestic
ZPAS26919496825129,domestic
ZPEG74428668258234,domestic
ZPFT59703540751896,domestic
ZPKS45315306320250,domestic
ZPQZ16251857770802,rural domestic
ZPSY86103842761011,domestic
ZPVS84874927247581,domestic
ZPXU23818420860126,domestic
ZPYP16337102153664,domestic
ZPZN03749343732271,rural domestic
ZQIT73215054442611,domestic
ZQWK90278121017097,domestic
ZREM93773008673837,domestic
ZSBD42550429109229,rural domestic
ZSKM18626682720999,rural domestic
ZSSY72106573006963,domestic
ZSUY40669732314373,domestic
ZTRW46272852308611,rural commercial
ZTXB81281728967216,domestic
ZUEG92816111795774,domestic
ZVSQ37941813894683,rural domestic
ZWAF82502428931885,domestic
ZWDM32673840485173,domestic
ZWFT60135492969949,domestic
ZWHB61122549639165,rural domestic
ZWIV32294304461444,domestic
ZXVW96329770743142,domestic
ZXWX55942012223566,domestic
ZYDM28607258499868,domestic
ZYJM77374241099523,domestic
ZYWB72511335466148,domestic
ZYWL46154272620617,domestic
